{
    "class_names": [
        "High",
        "Low",
        "Medium",
        "Abnormal",
        "Off"
    ],
    "commit": "f186dea",
    "compilation_date": "2021-04-13T11:13:30.093650",
    "compilation_flags": {
        "float_abi": "soft",
        "fshort_enums": false,
        "short_wchar": false
    },
    "compilation_str": "{'compilation_dict':{'compilation_type':'classifier','mcu':'cortex-m4_st_nucleo-f401re','sensor':'acc3','data':{'nb_cols':1536,'nb_lines':[[100,100,100,100,100]]},'compilation_flags':{'float_abi':'soft','short_wchar':false,'fshort_enums':false},'performance':{'precision':1.0,'confidence':1.0,'estimated_ram':5316.0},'lib_version':'f186dea','api':{'version':'v3'},'only_emulators':false,'version':{'web_api':{'version':'v3'},'local_api':{'version':'2020.12.08.1','platform':'win64'},'studio':'2.0.1'},'class_names':'High,Low,Medium,Abnormal,Off','combination':[14,0.6947,128,0.8698,512,0,0.8673,1,3,5,12,1,1,1,1]},'sign':21089,'license_key':'***'}",
    "compilation_type": "classifier",
    "data": {
        "nb_cols": 1536,
        "nb_lines": [
            [
                100,
                100,
                100,
                100,
                100
            ]
        ]
    },
    "gcc_version": "arm-none-eabi-gcc (GNU Tools for Arm Embedded Processors 9-2019-q4-major) 9.2.1 20191025 (release) [ARM/arm-9-branch revision 277599]",
    "lib_limited": true,
    "library_id": "60757cdc161c6d800bcb469f",
    "library_md5sum": "c48893f671972e53752b4bbd9e434754",
    "mcu": "cortex-m4_st_nucleo-f401re",
    "mcu_brand": "st",
    "mcu_name": "nucleo-f401re",
    "mcu_type": "cortex-m4",
    "only_emulators": false,
    "performance": {
        "confidence": 1.0,
        "estimated_ram": 5316.0,
        "precision": 1.0
    },
    "sensor": "acc3",
    "studio_info": {
        "local_api": {
            "platform": "win64",
            "version": "2020.12.08.1"
        },
        "studio": "2.0.1",
        "web_api": {
            "version": "v3"
        }
    },
    "user_info": {
        "company": "Nota Incorporated",
        "email": "jimin.lee@nota.ai",
        "first_name": "jimin",
        "last_name": "lee"
    }
}