{
    "class_names": [
        "High",
        "Low",
        "Medium"
    ],
    "commit": "f186dea",
    "compilation_date": "2021-04-12T10:27:49.807872",
    "compilation_flags": {
        "float_abi": "soft",
        "fshort_enums": false,
        "short_wchar": false
    },
    "compilation_str": "{'compilation_dict':{'compilation_type':'classifier','mcu':'cortex-m4_st_nucleo-f401re','sensor':'acc3','data':{'nb_cols':1536,'nb_lines':[[100,100,100]]},'compilation_flags':{'float_abi':'soft','short_wchar':false,'fshort_enums':false},'performance':{'precision':1.0,'confidence':0.9999,'estimated_ram':5300.0},'lib_version':'f186dea','api':{'version':'v3'},'only_emulators':false,'version':{'web_api':{'version':'v3'},'local_api':{'version':'2020.12.08.1','platform':'win64'},'studio':'2.0.1'},'class_names':'High,Low,Medium','combination':[4,0.5436,256,0.7207,512,0,0.8988,1,3,3,16,1,0,1,1]},'sign':20438,'license_key':'***'}",
    "compilation_type": "classifier",
    "data": {
        "nb_cols": 1536,
        "nb_lines": [
            [
                100,
                100,
                100
            ]
        ]
    },
    "gcc_version": "arm-none-eabi-gcc (GNU Tools for Arm Embedded Processors 9-2019-q4-major) 9.2.1 20191025 (release) [ARM/arm-9-branch revision 277599]",
    "lib_limited": true,
    "library_id": "607420a8161c6d800bcb462c",
    "library_md5sum": "c4fcb423ea2ac9d7f1e41edeac158bc0",
    "mcu": "cortex-m4_st_nucleo-f401re",
    "mcu_brand": "st",
    "mcu_name": "nucleo-f401re",
    "mcu_type": "cortex-m4",
    "only_emulators": false,
    "performance": {
        "confidence": 0.9999,
        "estimated_ram": 5300.0,
        "precision": 1.0
    },
    "sensor": "acc3",
    "studio_info": {
        "local_api": {
            "platform": "win64",
            "version": "2020.12.08.1"
        },
        "studio": "2.0.1",
        "web_api": {
            "version": "v3"
        }
    },
    "user_info": {
        "company": "Nota Incorporated",
        "email": "jimin.lee@nota.ai",
        "first_name": "jimin",
        "last_name": "lee"
    }
}